Region,PIN
Other,N389120410296
Other,N386120421276
South Asia,N379120412296
South Asia,N321120410297
Europe,N303120412278
Europe,N384120423277
Europe,N374120424277
Southeast Asia,N374120425276
Southeast Asia,N385120418296
Southeast Asia,N393120424276
North America,N317120425297
North America,N316120402297
North America,N309120402277
East Asia,N330120413277
East Asia,N300120421277
East Asia,N322120408297
East Asia,N396120413296
East Asia,N300120418278
East Asia,N319120425277
Other,N391120402276
Other,N312120413277
Other,N322120412277
Europe,N311120412297
Europe,N310120418277
Other,N316120401278
Other,N376120423276
East Asia,N380120405276
South Asia,N338120424277
South Asia,N339120423277
South Asia,N385120423276
South Asia,N325120405277
South Asia,N303120410297
South Asia,N387120413296
South Asia,N350120408296
South Asia,N369120418276
South Asia,N363120425296
South Asia,N354120425296
South Asia,N385120421277
South Asia,N390120425296
South Asia,N366120421296
South Asia,N370120401296
South Asia,N362120402296
South Asia,N387120414277
South Asia,N356120423296
Southeast Asia,N354120402277
Southeast Asia,N382120425277
Southeast Asia,N312120410297
Southeast Asia,N360120405296
Southeast Asia,N376120421277
Southeast Asia,N348120423277
Europe,N386120414296
Other,N342120408277
East Asia,N366120423277
East Asia,N346120425277
East Asia,N311120414277
East Asia,N333111NA222
Other,N399120412276
Other,N382120402276
Other,N304120412277
Other,N380120402296
Other,N333120401297
Europe,N304120410278
Southeast Asia,N335120401277
Southeast Asia,N384120421296
Southeast Asia,N316120405277
Southeast Asia,N369120414277
Southeast Asia,N369120413296
Southeast Asia,N380120401277
Other,N377120418277
Other,N338120421297
Other,N305120405297
East Asia,N374120423296
Southeast Asia,N348120421296
South Asia,N313120412277
South Asia,N307120402297
South Asia,N353120401277
South Asia,N377120414296
South Asia,N308120425297
South Asia,N383120423296
South Asia,N324120408277
South Asia,N335120425297
South Asia,N306120405278
Southeast Asia,N311120413278
Southeast Asia,N336120424297
Southeast Asia,N313120408297
Southeast Asia,N334120405277
Southeast Asia,N388120413277
Southeast Asia,N371120402296
Southeast Asia,N337120423297
Europe,N372120402277
Europe,N383120425276
Singapore,N367120412241
Singapore,N347120423296
Singapore,N387120418276
Singapore,N310120414278
Singapore,N358120421277
Singapore,N377120421276
Singapore,N397120412296
Singapore,N373120421213
Singapore,N395120414296
Singapore,N305120410277
Singapore,N384120424276
Singapore,N368120421276
Singapore,N302120413278
Singapore,N341120410277
Singapore,N392120413260
Singapore,N388120412296
Singapore,N362120421251
Singapore,N330120410297
Singapore,N365120424277
Singapore,N390120401276
Singapore,N376120418296
Singapore,N371120405276
Singapore,N335118418249
Singapore,N399120410277
Singapore,N355120425277
Singapore,N382120424296
Singapore,N307120401278
Singapore,N317120401277
Singapore,N370120408276
Singapore,N388120414276
Singapore,N364120425277
Singapore,N355120424296
Singapore,N328115405225
Singapore,N395120421276
Singapore,N375120423277
Singapore,N332120410277
Singapore,N375120424276
Singapore,N381120425296
Singapore,N396120418276
Singapore,N362120401277
Singapore,N360120408277
Singapore,N327120402277
Singapore,N309120424297
Singapore,N319120423297
Singapore,N327120424297
Singapore,N368120414296
Singapore,N314120408278
Singapore,N328120423297
Singapore,N306120401297
Singapore,N326120425297
Singapore,N396120414277
Singapore,N315120408277
Singapore,N359120414296
Singapore,N388117405293
Singapore,N325120402297
Singapore,N393120423277
Singapore,N358120418296
Singapore,N356120424277
Singapore,N395120418277
Singapore,N303120413277
Singapore,N349120421277
Singapore,N301120413297
Singapore,N392120424277
Singapore,N363114413299
Singapore,N308120402278
Singapore,N378120418276
Singapore,N340120412277
Singapore,N378120413296
Singapore,N318120424297
Singapore,N374121423210
Singapore,N329120421297
Singapore,N302120414277
Singapore,N375121421210
Singapore,N384120424258
Singapore,N371120401277
Singapore,N380119410203
Singapore,N397121412210
Singapore,N394120418296
Singapore,N301120414278
Singapore,N352120401296
Singapore,N315120401297
Singapore,N331120408297
Singapore,N394120423276
Singapore,N393120421296
Singapore,N352120405277
Singapore,N373120425277
Singapore,N303120408213
Singapore,N328120425277
Singapore,N318120402277
Singapore,N399120408296
Singapore,N392120425276
Singapore,N346120424296
Singapore,N334120402297
Singapore,N302120412297
Singapore,N365120423296
Singapore,N349120418296
Singapore,N357120421296
Singapore,N379120414276
Singapore,N341117402293
Singapore,N398120413276
Singapore,N372120425296
Singapore,N370120405277
Singapore,N350120410277
Singapore,N389120412277
Singapore,N323118412206
Singapore,N381120401276
Singapore,N323120405297
Singapore,N320120412297
Singapore,N332120405297
Singapore,N372120401276
Singapore,N391120424296
Singapore,N336120402277
Singapore,N375120421296
Singapore,N300120414297
Singapore,N368120418277
Singapore,N368118423250
Singapore,N391120425277
Singapore,N324120401297
Singapore,N389120413276
Singapore,N392120423296
Singapore,N344120401277
Singapore,N383120424277
Singapore,N305120408278
Singapore,N326120401277
Singapore,N337120425277
Singapore,N386120421258
Singapore,N306120408277
Singapore,N363120402277
Singapore,N397120413277
East Asia,N351120408277
East Asia,N309120425278
East Asia,N378120414277
East Asia,N331120412277
East Asia,N353120402296
East Asia,N361120405277
Europe,N361120401296
Europe,N308120401277
East Asia,N357120423277
East Asia,N320120414277
East Asia,N323120410277
East Asia,N329120424277
East Asia,N310120413297
Southeast Asia,N312120412278
Southeast Asia,N345120402277
Other,N301120418277
Europe,N304120408297
Europe,N313120410278
North America,N315120405278
North America,N373120402276
North America,N367120418296
North America,N351120405296
North America,N314120410277
North America,N321120413277
North America,N359120418277
North America,N347120424277
North America,N390120402277
Other,N381120402277